--
-- PostgreSQL database dump
--

-- Dumped from database version 15.0
-- Dumped by pg_dump version 15.0

-- Started on 2022-11-12 20:30:45

SET statement_timeout = 0;
SET lock_timeout = 0;
SET idle_in_transaction_session_timeout = 0;
SET client_encoding = 'UTF8';
SET standard_conforming_strings = on;
SELECT pg_catalog.set_config('search_path', '', false);
SET check_function_bodies = false;
SET xmloption = content;
SET client_min_messages = warning;
SET row_security = off;

SET default_tablespace = '';

SET default_table_access_method = heap;

--
-- TOC entry 251 (class 1259 OID 16719)
-- Name: app_cart; Type: TABLE; Schema: public; Owner: postgres
--

CREATE TABLE public.app_cart (
    id bigint NOT NULL,
    total_cost double precision NOT NULL,
    user_id integer NOT NULL
);


ALTER TABLE public.app_cart OWNER TO postgres;

--
-- TOC entry 250 (class 1259 OID 16718)
-- Name: app_cart_id_seq; Type: SEQUENCE; Schema: public; Owner: postgres
--

CREATE SEQUENCE public.app_cart_id_seq
    START WITH 1
    INCREMENT BY 1
    NO MINVALUE
    NO MAXVALUE
    CACHE 1;


ALTER TABLE public.app_cart_id_seq OWNER TO postgres;

--
-- TOC entry 3582 (class 0 OID 0)
-- Dependencies: 250
-- Name: app_cart_id_seq; Type: SEQUENCE OWNED BY; Schema: public; Owner: postgres
--

ALTER SEQUENCE public.app_cart_id_seq OWNED BY public.app_cart.id;


--
-- TOC entry 253 (class 1259 OID 16728)
-- Name: app_cartitem; Type: TABLE; Schema: public; Owner: postgres
--

CREATE TABLE public.app_cartitem (
    id bigint NOT NULL,
    quantity integer NOT NULL,
    cart_id bigint NOT NULL,
    item_id bigint NOT NULL,
    CONSTRAINT app_cartitem_quantity_check CHECK ((quantity >= 0))
);


ALTER TABLE public.app_cartitem OWNER TO postgres;

--
-- TOC entry 252 (class 1259 OID 16727)
-- Name: app_cartitem_id_seq; Type: SEQUENCE; Schema: public; Owner: postgres
--

CREATE SEQUENCE public.app_cartitem_id_seq
    START WITH 1
    INCREMENT BY 1
    NO MINVALUE
    NO MAXVALUE
    CACHE 1;


ALTER TABLE public.app_cartitem_id_seq OWNER TO postgres;

--
-- TOC entry 3583 (class 0 OID 0)
-- Dependencies: 252
-- Name: app_cartitem_id_seq; Type: SEQUENCE OWNED BY; Schema: public; Owner: postgres
--

ALTER SEQUENCE public.app_cartitem_id_seq OWNED BY public.app_cartitem.id;


--
-- TOC entry 234 (class 1259 OID 16546)
-- Name: app_category; Type: TABLE; Schema: public; Owner: postgres
--

CREATE TABLE public.app_category (
    id bigint NOT NULL,
    name character varying(255) NOT NULL,
    slug character varying(50) NOT NULL
);


ALTER TABLE public.app_category OWNER TO postgres;

--
-- TOC entry 233 (class 1259 OID 16545)
-- Name: app_category_id_seq; Type: SEQUENCE; Schema: public; Owner: postgres
--

ALTER TABLE public.app_category ALTER COLUMN id ADD GENERATED BY DEFAULT AS IDENTITY (
    SEQUENCE NAME public.app_category_id_seq
    START WITH 1
    INCREMENT BY 1
    NO MINVALUE
    NO MAXVALUE
    CACHE 1
);


--
-- TOC entry 242 (class 1259 OID 16575)
-- Name: app_comment; Type: TABLE; Schema: public; Owner: postgres
--

CREATE TABLE public.app_comment (
    id bigint NOT NULL,
    name character varying(255) NOT NULL,
    text text NOT NULL,
    created timestamp with time zone NOT NULL,
    item_id bigint NOT NULL,
    user_id integer NOT NULL
);


ALTER TABLE public.app_comment OWNER TO postgres;

--
-- TOC entry 241 (class 1259 OID 16574)
-- Name: app_comment_id_seq; Type: SEQUENCE; Schema: public; Owner: postgres
--

ALTER TABLE public.app_comment ALTER COLUMN id ADD GENERATED BY DEFAULT AS IDENTITY (
    SEQUENCE NAME public.app_comment_id_seq
    START WITH 1
    INCREMENT BY 1
    NO MINVALUE
    NO MAXVALUE
    CACHE 1
);


--
-- TOC entry 236 (class 1259 OID 16552)
-- Name: app_item; Type: TABLE; Schema: public; Owner: postgres
--

CREATE TABLE public.app_item (
    id bigint NOT NULL,
    title character varying(255) NOT NULL,
    slug character varying(50) NOT NULL,
    body text NOT NULL,
    price double precision NOT NULL,
    image character varying(100),
    available_count integer NOT NULL,
    category_id bigint NOT NULL,
    CONSTRAINT app_item_available_count_check CHECK ((available_count >= 0))
);


ALTER TABLE public.app_item OWNER TO postgres;

--
-- TOC entry 235 (class 1259 OID 16551)
-- Name: app_item_id_seq; Type: SEQUENCE; Schema: public; Owner: postgres
--

ALTER TABLE public.app_item ALTER COLUMN id ADD GENERATED BY DEFAULT AS IDENTITY (
    SEQUENCE NAME public.app_item_id_seq
    START WITH 1
    INCREMENT BY 1
    NO MINVALUE
    NO MAXVALUE
    CACHE 1
);


--
-- TOC entry 249 (class 1259 OID 16698)
-- Name: app_item_likes; Type: TABLE; Schema: public; Owner: postgres
--

CREATE TABLE public.app_item_likes (
    id bigint NOT NULL,
    item_id bigint NOT NULL,
    user_id integer NOT NULL
);


ALTER TABLE public.app_item_likes OWNER TO postgres;

--
-- TOC entry 248 (class 1259 OID 16697)
-- Name: app_item_likes_id_seq; Type: SEQUENCE; Schema: public; Owner: postgres
--

CREATE SEQUENCE public.app_item_likes_id_seq
    START WITH 1
    INCREMENT BY 1
    NO MINVALUE
    NO MAXVALUE
    CACHE 1;


ALTER TABLE public.app_item_likes_id_seq OWNER TO postgres;

--
-- TOC entry 3584 (class 0 OID 0)
-- Dependencies: 248
-- Name: app_item_likes_id_seq; Type: SEQUENCE OWNED BY; Schema: public; Owner: postgres
--

ALTER SEQUENCE public.app_item_likes_id_seq OWNED BY public.app_item_likes.id;


--
-- TOC entry 238 (class 1259 OID 16562)
-- Name: app_order; Type: TABLE; Schema: public; Owner: postgres
--

CREATE TABLE public.app_order (
    id bigint NOT NULL,
    status_id bigint NOT NULL,
    created timestamp with time zone NOT NULL,
    updated timestamp with time zone NOT NULL,
    full_name character varying(128) NOT NULL,
    phone character varying(10) NOT NULL,
    delivery_address character varying(50) NOT NULL,
    total_cost double precision NOT NULL,
    user_id integer NOT NULL
);


ALTER TABLE public.app_order OWNER TO postgres;

--
-- TOC entry 237 (class 1259 OID 16561)
-- Name: app_order_id_seq; Type: SEQUENCE; Schema: public; Owner: postgres
--

ALTER TABLE public.app_order ALTER COLUMN id ADD GENERATED BY DEFAULT AS IDENTITY (
    SEQUENCE NAME public.app_order_id_seq
    START WITH 1
    INCREMENT BY 1
    NO MINVALUE
    NO MAXVALUE
    CACHE 1
);


--
-- TOC entry 240 (class 1259 OID 16568)
-- Name: app_orderitem; Type: TABLE; Schema: public; Owner: postgres
--

CREATE TABLE public.app_orderitem (
    id bigint NOT NULL,
    quantity integer NOT NULL,
    item_id bigint NOT NULL,
    order_id bigint NOT NULL,
    CONSTRAINT app_orderitem_quantity_check CHECK ((quantity >= 0))
);


ALTER TABLE public.app_orderitem OWNER TO postgres;

--
-- TOC entry 239 (class 1259 OID 16567)
-- Name: app_orderitem_id_seq; Type: SEQUENCE; Schema: public; Owner: postgres
--

ALTER TABLE public.app_orderitem ALTER COLUMN id ADD GENERATED BY DEFAULT AS IDENTITY (
    SEQUENCE NAME public.app_orderitem_id_seq
    START WITH 1
    INCREMENT BY 1
    NO MINVALUE
    NO MAXVALUE
    CACHE 1
);


--
-- TOC entry 247 (class 1259 OID 16661)
-- Name: app_status; Type: TABLE; Schema: public; Owner: postgres
--

CREATE TABLE public.app_status (
    id bigint NOT NULL,
    name character varying(30) NOT NULL,
    description text NOT NULL
);


ALTER TABLE public.app_status OWNER TO postgres;

--
-- TOC entry 246 (class 1259 OID 16660)
-- Name: app_status_id_seq; Type: SEQUENCE; Schema: public; Owner: postgres
--

CREATE SEQUENCE public.app_status_id_seq
    START WITH 1
    INCREMENT BY 1
    NO MINVALUE
    NO MAXVALUE
    CACHE 1;


ALTER TABLE public.app_status_id_seq OWNER TO postgres;

--
-- TOC entry 3585 (class 0 OID 0)
-- Dependencies: 246
-- Name: app_status_id_seq; Type: SEQUENCE OWNED BY; Schema: public; Owner: postgres
--

ALTER SEQUENCE public.app_status_id_seq OWNED BY public.app_status.id;


--
-- TOC entry 244 (class 1259 OID 16624)
-- Name: app_userprofile; Type: TABLE; Schema: public; Owner: postgres
--

CREATE TABLE public.app_userprofile (
    id bigint NOT NULL,
    phone character varying(15),
    country character varying(70),
    address character varying(100),
    profile_pic character varying(100),
    user_id integer NOT NULL,
    name character varying(30),
    surname character varying(30)
);


ALTER TABLE public.app_userprofile OWNER TO postgres;

--
-- TOC entry 243 (class 1259 OID 16623)
-- Name: app_userprofile_id_seq; Type: SEQUENCE; Schema: public; Owner: postgres
--

ALTER TABLE public.app_userprofile ALTER COLUMN id ADD GENERATED BY DEFAULT AS IDENTITY (
    SEQUENCE NAME public.app_userprofile_id_seq
    START WITH 1
    INCREMENT BY 1
    NO MINVALUE
    NO MAXVALUE
    CACHE 1
);


--
-- TOC entry 221 (class 1259 OID 16422)
-- Name: auth_group; Type: TABLE; Schema: public; Owner: postgres
--

CREATE TABLE public.auth_group (
    id integer NOT NULL,
    name character varying(150) NOT NULL
);


ALTER TABLE public.auth_group OWNER TO postgres;

--
-- TOC entry 220 (class 1259 OID 16421)
-- Name: auth_group_id_seq; Type: SEQUENCE; Schema: public; Owner: postgres
--

ALTER TABLE public.auth_group ALTER COLUMN id ADD GENERATED BY DEFAULT AS IDENTITY (
    SEQUENCE NAME public.auth_group_id_seq
    START WITH 1
    INCREMENT BY 1
    NO MINVALUE
    NO MAXVALUE
    CACHE 1
);


--
-- TOC entry 223 (class 1259 OID 16430)
-- Name: auth_group_permissions; Type: TABLE; Schema: public; Owner: postgres
--

CREATE TABLE public.auth_group_permissions (
    id bigint NOT NULL,
    group_id integer NOT NULL,
    permission_id integer NOT NULL
);


ALTER TABLE public.auth_group_permissions OWNER TO postgres;

--
-- TOC entry 222 (class 1259 OID 16429)
-- Name: auth_group_permissions_id_seq; Type: SEQUENCE; Schema: public; Owner: postgres
--

ALTER TABLE public.auth_group_permissions ALTER COLUMN id ADD GENERATED BY DEFAULT AS IDENTITY (
    SEQUENCE NAME public.auth_group_permissions_id_seq
    START WITH 1
    INCREMENT BY 1
    NO MINVALUE
    NO MAXVALUE
    CACHE 1
);


--
-- TOC entry 219 (class 1259 OID 16416)
-- Name: auth_permission; Type: TABLE; Schema: public; Owner: postgres
--

CREATE TABLE public.auth_permission (
    id integer NOT NULL,
    name character varying(255) NOT NULL,
    content_type_id integer NOT NULL,
    codename character varying(100) NOT NULL
);


ALTER TABLE public.auth_permission OWNER TO postgres;

--
-- TOC entry 218 (class 1259 OID 16415)
-- Name: auth_permission_id_seq; Type: SEQUENCE; Schema: public; Owner: postgres
--

ALTER TABLE public.auth_permission ALTER COLUMN id ADD GENERATED BY DEFAULT AS IDENTITY (
    SEQUENCE NAME public.auth_permission_id_seq
    START WITH 1
    INCREMENT BY 1
    NO MINVALUE
    NO MAXVALUE
    CACHE 1
);


--
-- TOC entry 225 (class 1259 OID 16436)
-- Name: auth_user; Type: TABLE; Schema: public; Owner: postgres
--

CREATE TABLE public.auth_user (
    id integer NOT NULL,
    password character varying(128) NOT NULL,
    last_login timestamp with time zone,
    is_superuser boolean NOT NULL,
    username character varying(150) NOT NULL,
    first_name character varying(150) NOT NULL,
    last_name character varying(150) NOT NULL,
    email character varying(254) NOT NULL,
    is_staff boolean NOT NULL,
    is_active boolean NOT NULL,
    date_joined timestamp with time zone NOT NULL
);


ALTER TABLE public.auth_user OWNER TO postgres;

--
-- TOC entry 227 (class 1259 OID 16444)
-- Name: auth_user_groups; Type: TABLE; Schema: public; Owner: postgres
--

CREATE TABLE public.auth_user_groups (
    id bigint NOT NULL,
    user_id integer NOT NULL,
    group_id integer NOT NULL
);


ALTER TABLE public.auth_user_groups OWNER TO postgres;

--
-- TOC entry 226 (class 1259 OID 16443)
-- Name: auth_user_groups_id_seq; Type: SEQUENCE; Schema: public; Owner: postgres
--

ALTER TABLE public.auth_user_groups ALTER COLUMN id ADD GENERATED BY DEFAULT AS IDENTITY (
    SEQUENCE NAME public.auth_user_groups_id_seq
    START WITH 1
    INCREMENT BY 1
    NO MINVALUE
    NO MAXVALUE
    CACHE 1
);


--
-- TOC entry 224 (class 1259 OID 16435)
-- Name: auth_user_id_seq; Type: SEQUENCE; Schema: public; Owner: postgres
--

ALTER TABLE public.auth_user ALTER COLUMN id ADD GENERATED BY DEFAULT AS IDENTITY (
    SEQUENCE NAME public.auth_user_id_seq
    START WITH 1
    INCREMENT BY 1
    NO MINVALUE
    NO MAXVALUE
    CACHE 1
);


--
-- TOC entry 229 (class 1259 OID 16450)
-- Name: auth_user_user_permissions; Type: TABLE; Schema: public; Owner: postgres
--

CREATE TABLE public.auth_user_user_permissions (
    id bigint NOT NULL,
    user_id integer NOT NULL,
    permission_id integer NOT NULL
);


ALTER TABLE public.auth_user_user_permissions OWNER TO postgres;

--
-- TOC entry 228 (class 1259 OID 16449)
-- Name: auth_user_user_permissions_id_seq; Type: SEQUENCE; Schema: public; Owner: postgres
--

ALTER TABLE public.auth_user_user_permissions ALTER COLUMN id ADD GENERATED BY DEFAULT AS IDENTITY (
    SEQUENCE NAME public.auth_user_user_permissions_id_seq
    START WITH 1
    INCREMENT BY 1
    NO MINVALUE
    NO MAXVALUE
    CACHE 1
);


--
-- TOC entry 245 (class 1259 OID 16636)
-- Name: authtoken_token; Type: TABLE; Schema: public; Owner: postgres
--

CREATE TABLE public.authtoken_token (
    key character varying(40) NOT NULL,
    created timestamp with time zone NOT NULL,
    user_id integer NOT NULL
);


ALTER TABLE public.authtoken_token OWNER TO postgres;

--
-- TOC entry 231 (class 1259 OID 16508)
-- Name: django_admin_log; Type: TABLE; Schema: public; Owner: postgres
--

CREATE TABLE public.django_admin_log (
    id integer NOT NULL,
    action_time timestamp with time zone NOT NULL,
    object_id text,
    object_repr character varying(200) NOT NULL,
    action_flag smallint NOT NULL,
    change_message text NOT NULL,
    content_type_id integer,
    user_id integer NOT NULL,
    CONSTRAINT django_admin_log_action_flag_check CHECK ((action_flag >= 0))
);


ALTER TABLE public.django_admin_log OWNER TO postgres;

--
-- TOC entry 230 (class 1259 OID 16507)
-- Name: django_admin_log_id_seq; Type: SEQUENCE; Schema: public; Owner: postgres
--

ALTER TABLE public.django_admin_log ALTER COLUMN id ADD GENERATED BY DEFAULT AS IDENTITY (
    SEQUENCE NAME public.django_admin_log_id_seq
    START WITH 1
    INCREMENT BY 1
    NO MINVALUE
    NO MAXVALUE
    CACHE 1
);


--
-- TOC entry 217 (class 1259 OID 16408)
-- Name: django_content_type; Type: TABLE; Schema: public; Owner: postgres
--

CREATE TABLE public.django_content_type (
    id integer NOT NULL,
    app_label character varying(100) NOT NULL,
    model character varying(100) NOT NULL
);


ALTER TABLE public.django_content_type OWNER TO postgres;

--
-- TOC entry 216 (class 1259 OID 16407)
-- Name: django_content_type_id_seq; Type: SEQUENCE; Schema: public; Owner: postgres
--

ALTER TABLE public.django_content_type ALTER COLUMN id ADD GENERATED BY DEFAULT AS IDENTITY (
    SEQUENCE NAME public.django_content_type_id_seq
    START WITH 1
    INCREMENT BY 1
    NO MINVALUE
    NO MAXVALUE
    CACHE 1
);


--
-- TOC entry 215 (class 1259 OID 16400)
-- Name: django_migrations; Type: TABLE; Schema: public; Owner: postgres
--

CREATE TABLE public.django_migrations (
    id bigint NOT NULL,
    app character varying(255) NOT NULL,
    name character varying(255) NOT NULL,
    applied timestamp with time zone NOT NULL
);


ALTER TABLE public.django_migrations OWNER TO postgres;

--
-- TOC entry 214 (class 1259 OID 16399)
-- Name: django_migrations_id_seq; Type: SEQUENCE; Schema: public; Owner: postgres
--

ALTER TABLE public.django_migrations ALTER COLUMN id ADD GENERATED BY DEFAULT AS IDENTITY (
    SEQUENCE NAME public.django_migrations_id_seq
    START WITH 1
    INCREMENT BY 1
    NO MINVALUE
    NO MAXVALUE
    CACHE 1
);


--
-- TOC entry 232 (class 1259 OID 16536)
-- Name: django_session; Type: TABLE; Schema: public; Owner: postgres
--

CREATE TABLE public.django_session (
    session_key character varying(40) NOT NULL,
    session_data text NOT NULL,
    expire_date timestamp with time zone NOT NULL
);


ALTER TABLE public.django_session OWNER TO postgres;

--
-- TOC entry 3273 (class 2604 OID 16722)
-- Name: app_cart id; Type: DEFAULT; Schema: public; Owner: postgres
--

ALTER TABLE ONLY public.app_cart ALTER COLUMN id SET DEFAULT nextval('public.app_cart_id_seq'::regclass);


--
-- TOC entry 3274 (class 2604 OID 16731)
-- Name: app_cartitem id; Type: DEFAULT; Schema: public; Owner: postgres
--

ALTER TABLE ONLY public.app_cartitem ALTER COLUMN id SET DEFAULT nextval('public.app_cartitem_id_seq'::regclass);


--
-- TOC entry 3272 (class 2604 OID 16701)
-- Name: app_item_likes id; Type: DEFAULT; Schema: public; Owner: postgres
--

ALTER TABLE ONLY public.app_item_likes ALTER COLUMN id SET DEFAULT nextval('public.app_item_likes_id_seq'::regclass);


--
-- TOC entry 3271 (class 2604 OID 16664)
-- Name: app_status id; Type: DEFAULT; Schema: public; Owner: postgres
--

ALTER TABLE ONLY public.app_status ALTER COLUMN id SET DEFAULT nextval('public.app_status_id_seq'::regclass);


--
-- TOC entry 3574 (class 0 OID 16719)
-- Dependencies: 251
-- Data for Name: app_cart; Type: TABLE DATA; Schema: public; Owner: postgres
--

COPY public.app_cart (id, total_cost, user_id) FROM stdin;
3	123	16
4	0	17
5	0	18
\.


--
-- TOC entry 3576 (class 0 OID 16728)
-- Dependencies: 253
-- Data for Name: app_cartitem; Type: TABLE DATA; Schema: public; Owner: postgres
--

COPY public.app_cartitem (id, quantity, cart_id, item_id) FROM stdin;
17	1	5	1
18	1	5	2
19	1	4	1
\.


--
-- TOC entry 3557 (class 0 OID 16546)
-- Dependencies: 234
-- Data for Name: app_category; Type: TABLE DATA; Schema: public; Owner: postgres
--

COPY public.app_category (id, name, slug) FROM stdin;
1	phones	phones
2	laptops	laptops
3	headphones	headphones
\.


--
-- TOC entry 3565 (class 0 OID 16575)
-- Dependencies: 242
-- Data for Name: app_comment; Type: TABLE DATA; Schema: public; Owner: postgres
--

COPY public.app_comment (id, name, text, created, item_id, user_id) FROM stdin;
1	admin	asdasd	2022-11-02 23:10:30.081312+13	2	1
2	admin	Lorem, ipsum dolor sit amet consectetur adipisicing elit. Numquam animi iure consequuntur asperiores ipsa, aliquam vero velit dolor enim ratione accusantium aut magni quasi repellat. Ut necessitatibus officiis dolorum. Corrupti? Lorem, ipsum dolor sit amet consectetur adipisicing elit. Numquam animi iure consequuntur asperiores ipsa, aliquam vero velit dolor enim ratione accusantium aut magni quasi repellat. Ut necessitatibus officiis dolorum. Corrupti? Lorem, ipsum dolor sit amet consectetur adipisicing elit. Numquam animi iure consequuntur asperiores ipsa, aliquam vero velit dolor enim ratione accusantium aut magni quasi repellat. Ut necessitatibus officiis dolorum. Corrupti?	2022-11-03 12:28:32.641638+13	1	1
3	admin	Lorem, ipsum dolor sit amet consectetur adipisicing elit. Numquam animi iure consequuntur asperiores ipsa, aliquam vero velit dolor enim ratione accusantium aut magni quasi repellat. Ut necessitatibus officiis dolorum. Corrupti? Lorem, ipsum dolor sit amet consectetur adipisicing elit. Numquam animi iure consequuntur asperiores ipsa, aliquam vero velit dolor enim ratione accusantium aut magni quasi repellat. Ut necessitatibus officiis dolorum. Corrupti? Lorem, ipsum dolor sit amet consectetur adipisicing elit. Numquam animi iure consequuntur asperiores ipsa, aliquam vero velit dolor enim ratione accusantium aut magni quasi repellat. Ut necessitatibus officiis dolorum. Corrupti?	2022-11-03 12:28:46.150447+13	1	1
27	Alex	asd	2022-11-06 21:49:39.543961+13	2	17
28	Alex	zxc	2022-11-08 21:44:13.359089+13	1	17
\.


--
-- TOC entry 3559 (class 0 OID 16552)
-- Dependencies: 236
-- Data for Name: app_item; Type: TABLE DATA; Schema: public; Owner: postgres
--

COPY public.app_item (id, title, slug, body, price, image, available_count, category_id) FROM stdin;
4	Xiomi Redmi Note 10 Dual-Sim	xiomi-redmi-note-10-dual-sim	Xiomi Redmi Note 10 Dual-Sim\r\nSystem: MIUI 12 on Android 11\r\nProcessor: Octa Core / 2.2 GHz / Qualcomm Snapdragon 678 / GPU: Adreno 612\r\nMemory: Internal: 64 GB or 128 GB / RAM: 4 GB or 6 GB / Slot type: microSD / Max. slot capacity: 512 GB	299	Xiomi_Redmi_Note_10_Dual-Sim.jpg	30	1
2	Lenovo pro book 123	lenovo-pro-book-123	Lenovo pro book 123\r\nAMD Ryzen 5 1600	700	lenovo-laptop_d04hjGb.jpg	5	2
1	IPhone 12	iphone-12	IPhone 12IPhone 12IPhone 12	999	IPhone_12_64GB_p8fTOIy.jpg	20	1
3	HyperX-Cloud-II	hyperx-cloud-ii	Lorem ipsum dolor sit amet consectetur adipisicing elit. Hic, ipsa commodi cumque beatae illo totam aut earum, id ducimus debitis rerum optio qui recusandae distinctio magni officia, praesentium impedit aliquid!	150	HyperX-Cloud-Alpha-Pro_V5TITot.jpg	12	3
5	Xiaomi Redmi Note 11	xiaomi-redmi-note-11	Text	720	xiaomi-redmi-note-11-global.jpg	12	1
\.


--
-- TOC entry 3572 (class 0 OID 16698)
-- Dependencies: 249
-- Data for Name: app_item_likes; Type: TABLE DATA; Schema: public; Owner: postgres
--

COPY public.app_item_likes (id, item_id, user_id) FROM stdin;
49	2	17
72	1	17
73	3	17
\.


--
-- TOC entry 3561 (class 0 OID 16562)
-- Dependencies: 238
-- Data for Name: app_order; Type: TABLE DATA; Schema: public; Owner: postgres
--

COPY public.app_order (id, status_id, created, updated, full_name, phone, delivery_address, total_cost, user_id) FROM stdin;
2	1	2022-11-07 13:00:00+13	2022-11-07 13:00:00+13	alex	+123123	Address	123	1
4	2	2022-11-07 19:16:13.425148+13	2022-11-07 19:16:13.425148+13	ASFAFA	+123141	asfasfa	876	17
23	1	2022-11-08 13:30:20.293666+13	2022-11-08 13:30:20.293666+13	Alex	123	asd	2100	17
29	1	2022-11-09 17:12:47.623091+13	2022-11-09 17:12:47.623091+13	Alex	123	asd	999	17
\.


--
-- TOC entry 3563 (class 0 OID 16568)
-- Dependencies: 240
-- Data for Name: app_orderitem; Type: TABLE DATA; Schema: public; Owner: postgres
--

COPY public.app_orderitem (id, quantity, item_id, order_id) FROM stdin;
3	1	2	2
4	1	3	2
5	1	1	4
6	3	5	4
13	3	2	23
21	1	1	29
\.


--
-- TOC entry 3570 (class 0 OID 16661)
-- Dependencies: 247
-- Data for Name: app_status; Type: TABLE DATA; Schema: public; Owner: postgres
--

COPY public.app_status (id, name, description) FROM stdin;
1	formed	
2	accepted	
3	done	
\.


--
-- TOC entry 3567 (class 0 OID 16624)
-- Dependencies: 244
-- Data for Name: app_userprofile; Type: TABLE DATA; Schema: public; Owner: postgres
--

COPY public.app_userprofile (id, phone, country, address, profile_pic, user_id, name, surname) FROM stdin;
1	+12312312	Ukraine	Some address	profiles_images/GitHub-Mark.png	1	\N	\N
16	+123123	\N	\N	profiles_images/ava.png	16	Alex	cxz
18				profiles_images/ava.png	18		
19				profiles_images/ava.png	19		
20				profiles_images/ava.png	20		
17	+380123122	Ukraine	Kharkiv Str. Main	profiles_images/Smile_Image.png	17	Alex	
\.


--
-- TOC entry 3544 (class 0 OID 16422)
-- Dependencies: 221
-- Data for Name: auth_group; Type: TABLE DATA; Schema: public; Owner: postgres
--

COPY public.auth_group (id, name) FROM stdin;
\.


--
-- TOC entry 3546 (class 0 OID 16430)
-- Dependencies: 223
-- Data for Name: auth_group_permissions; Type: TABLE DATA; Schema: public; Owner: postgres
--

COPY public.auth_group_permissions (id, group_id, permission_id) FROM stdin;
\.


--
-- TOC entry 3542 (class 0 OID 16416)
-- Dependencies: 219
-- Data for Name: auth_permission; Type: TABLE DATA; Schema: public; Owner: postgres
--

COPY public.auth_permission (id, name, content_type_id, codename) FROM stdin;
1	Can add log entry	1	add_logentry
2	Can change log entry	1	change_logentry
3	Can delete log entry	1	delete_logentry
4	Can view log entry	1	view_logentry
5	Can add permission	2	add_permission
6	Can change permission	2	change_permission
7	Can delete permission	2	delete_permission
8	Can view permission	2	view_permission
9	Can add group	3	add_group
10	Can change group	3	change_group
11	Can delete group	3	delete_group
12	Can view group	3	view_group
13	Can add user	4	add_user
14	Can change user	4	change_user
15	Can delete user	4	delete_user
16	Can view user	4	view_user
17	Can add content type	5	add_contenttype
18	Can change content type	5	change_contenttype
19	Can delete content type	5	delete_contenttype
20	Can view content type	5	view_contenttype
21	Can add session	6	add_session
22	Can change session	6	change_session
23	Can delete session	6	delete_session
24	Can view session	6	view_session
25	Can add category	7	add_category
26	Can change category	7	change_category
27	Can delete category	7	delete_category
28	Can view category	7	view_category
29	Can add item	8	add_item
30	Can change item	8	change_item
31	Can delete item	8	delete_item
32	Can view item	8	view_item
33	Can add comment	9	add_comment
34	Can change comment	9	change_comment
35	Can delete comment	9	delete_comment
36	Can view comment	9	view_comment
37	Can add order	10	add_order
38	Can change order	10	change_order
39	Can delete order	10	delete_order
40	Can view order	10	view_order
41	Can add order item	11	add_orderitem
42	Can change order item	11	change_orderitem
43	Can delete order item	11	delete_orderitem
44	Can view order item	11	view_orderitem
45	Can add user profile	12	add_userprofile
46	Can change user profile	12	change_userprofile
47	Can delete user profile	12	delete_userprofile
48	Can view user profile	12	view_userprofile
49	Can add Token	13	add_token
50	Can change Token	13	change_token
51	Can delete Token	13	delete_token
52	Can view Token	13	view_token
53	Can add token	14	add_tokenproxy
54	Can change token	14	change_tokenproxy
55	Can delete token	14	delete_tokenproxy
56	Can view token	14	view_tokenproxy
57	Can add status	15	add_status
58	Can change status	15	change_status
59	Can delete status	15	delete_status
60	Can view status	15	view_status
61	Can add cart	16	add_cart
62	Can change cart	16	change_cart
63	Can delete cart	16	delete_cart
64	Can view cart	16	view_cart
65	Can add cart item	17	add_cartitem
66	Can change cart item	17	change_cartitem
67	Can delete cart item	17	delete_cartitem
68	Can view cart item	17	view_cartitem
\.


--
-- TOC entry 3548 (class 0 OID 16436)
-- Dependencies: 225
-- Data for Name: auth_user; Type: TABLE DATA; Schema: public; Owner: postgres
--

COPY public.auth_user (id, password, last_login, is_superuser, username, first_name, last_name, email, is_staff, is_active, date_joined) FROM stdin;
1	pbkdf2_sha256$320000$bJgmOsWO1hM2k3lywPoTA5$WNJQHPGVs3tggTjem/XeX8MVfio7sBVNZidKzzPaHjU=	2022-11-08 11:22:58.392806+13	t	admin			a@gmail.com	t	t	2022-10-31 16:52:51.614817+13
20	pbkdf2_sha256$320000$LNBIsLNGIIoQ73ayJlqLXf$vFJGYV02rsHOAolI0BGQjKqHVHmLhG54JzJUuBGcszg=	2022-11-09 18:53:42.713786+13	f	TestUser3			TestUser3@gmail.com	f	t	2022-11-09 18:52:59.556289+13
19	pbkdf2_sha256$320000$eGn11gXJlpCZZlhM0FYBzy$nbdu5hL8ZAKrjYQIe+NtpaVwUWBuLrXxyUZxFbLWKQ8=	2022-11-09 18:53:49.887024+13	f	TestUser2				f	t	2022-11-09 18:49:35.696862+13
18	pbkdf2_sha256$320000$18rKfiOuDYe6seOpc1j6M9$naIo5Ya1omVcp6SYqVez3NqGEhDVIEla53kiPpsKka8=	2022-11-09 19:11:37.795489+13	f	TestUser1			TestUser1@gmail.com	f	t	2022-11-09 18:13:26.110666+13
16	pbkdf2_sha256$320000$BMrIfuJUhlchFMz6OmmLdQ$n/jF98hvoFagIuiHmNUfENI0ybX9LxvY2e2BKXaRWaA=	2022-11-05 19:31:50.842657+13	f	alex			alex@gmail.com	f	t	2022-11-05 19:31:50.522639+13
17	pbkdf2_sha256$320000$uaxSVU9JANioLMf19JjvCp$UtYgrN1tcMF+rCUowDurDP7BLfOwGaYixOm8M8aNETg=	2022-11-06 14:18:16.877001+13	f	Alex			Alex@gmail.com	f	t	2022-11-06 14:18:16.419597+13
\.


--
-- TOC entry 3550 (class 0 OID 16444)
-- Dependencies: 227
-- Data for Name: auth_user_groups; Type: TABLE DATA; Schema: public; Owner: postgres
--

COPY public.auth_user_groups (id, user_id, group_id) FROM stdin;
\.


--
-- TOC entry 3552 (class 0 OID 16450)
-- Dependencies: 229
-- Data for Name: auth_user_user_permissions; Type: TABLE DATA; Schema: public; Owner: postgres
--

COPY public.auth_user_user_permissions (id, user_id, permission_id) FROM stdin;
\.


--
-- TOC entry 3568 (class 0 OID 16636)
-- Dependencies: 245
-- Data for Name: authtoken_token; Type: TABLE DATA; Schema: public; Owner: postgres
--

COPY public.authtoken_token (key, created, user_id) FROM stdin;
04d47199def9cc23fb8950d234a068e3e2dc6b51	2022-11-06 14:18:16.873937+13	17
eaaeea6d240288205634b3bcdfb814bb2182d12a	2022-11-09 18:53:42.706753+13	20
b6933c1cb7e315f70eeb0a8d56765596924d4556	2022-11-09 18:53:49.880017+13	19
\.


--
-- TOC entry 3554 (class 0 OID 16508)
-- Dependencies: 231
-- Data for Name: django_admin_log; Type: TABLE DATA; Schema: public; Owner: postgres
--

COPY public.django_admin_log (id, action_time, object_id, object_repr, action_flag, change_message, content_type_id, user_id) FROM stdin;
1	2022-10-31 16:54:25.416345+13	1	phones	1	[{"added": {}}]	7	1
2	2022-10-31 16:54:30.912601+13	2	laptops	1	[{"added": {}}]	7	1
3	2022-10-31 16:55:00.494703+13	1	IPhone 12	1	[{"added": {}}]	8	1
4	2022-10-31 16:55:52.037455+13	2	Lenovo pro book 123	1	[{"added": {}}]	8	1
5	2022-11-02 23:10:30.092321+13	1	Comment on: Lenovo pro book 123	1	[{"added": {}}]	9	1
6	2022-11-02 23:34:32.558054+13	1	Order № 1	1	[{"added": {}}]	10	1
7	2022-11-02 23:34:55.47837+13	1	OrderItem object (1)	1	[{"added": {}}]	11	1
8	2022-11-02 23:35:05.103497+13	2	OrderItem object (2)	1	[{"added": {}}]	11	1
9	2022-11-03 12:28:32.653268+13	2	Comment on: IPhone 12	1	[{"added": {}}]	9	1
10	2022-11-03 12:28:46.151432+13	3	Comment on: IPhone 12	1	[{"added": {}}]	9	1
11	2022-11-03 18:50:46.390324+13	3	HyperX-Cloud-II	1	[{"added": {}}]	8	1
12	2022-11-03 21:47:31.383252+13	3	headphones	1	[{"added": {}}]	7	1
13	2022-11-03 21:47:40.625915+13	3	HyperX-Cloud-II	2	[{"changed": {"fields": ["Category"]}}]	8	1
14	2022-11-04 11:57:52.465474+13	4	Xiomi Redmi Note 10 Dual-Sim	1	[{"added": {}}]	8	1
15	2022-11-04 12:05:36.700642+13	5	Xiaomi Redmi Note 11	1	[{"added": {}}]	8	1
16	2022-11-04 12:06:08.628585+13	1	IPhone 12	2	[{"changed": {"fields": ["Likes"]}}]	8	1
17	2022-11-04 17:10:47.024779+13	1	User admin	1	[{"added": {}}]	12	1
18	2022-11-05 22:40:52.255634+13	16	User alex	2	[{"changed": {"fields": ["Name"]}}]	12	1
19	2022-11-06 19:03:09.841609+13	14	Comment on: Lenovo pro book 123	3		9	1
20	2022-11-06 19:03:09.85493+13	13	Comment on: Lenovo pro book 123	3		9	1
21	2022-11-06 19:03:09.85593+13	12	Comment on: Lenovo pro book 123	3		9	1
22	2022-11-06 19:03:09.856931+13	11	Comment on: Lenovo pro book 123	3		9	1
23	2022-11-06 19:03:09.857944+13	10	Comment on: Lenovo pro book 123	3		9	1
24	2022-11-06 19:03:09.858946+13	9	Comment on: Lenovo pro book 123	3		9	1
25	2022-11-06 19:03:09.859947+13	8	Comment on: Lenovo pro book 123	3		9	1
26	2022-11-06 19:03:09.860948+13	7	Comment on: Lenovo pro book 123	3		9	1
27	2022-11-06 19:03:09.861847+13	6	Comment on: Lenovo pro book 123	3		9	1
28	2022-11-06 19:03:09.862852+13	5	Comment on: Lenovo pro book 123	3		9	1
29	2022-11-06 19:13:49.132558+13	17	Comment on: Lenovo pro book 123	3		9	1
30	2022-11-06 19:13:49.141559+13	16	Comment on: Lenovo pro book 123	3		9	1
31	2022-11-06 19:13:49.14256+13	15	Comment on: Lenovo pro book 123	3		9	1
32	2022-11-06 19:13:49.14356+13	4	Comment on: Lenovo pro book 123	3		9	1
33	2022-11-07 12:16:44.02551+13	17	User Alex	2	[{"changed": {"fields": ["Profile pic"]}}]	12	1
34	2022-11-07 16:59:30.559134+13	1	Order № 1	3		10	1
35	2022-11-07 17:39:37.904141+13	1	Status object (1)	1	[{"added": {}}]	15	1
36	2022-11-07 17:40:05.110587+13	2	Status object (2)	1	[{"added": {}}]	15	1
37	2022-11-07 17:40:14.034239+13	3	Status object (3)	1	[{"added": {}}]	15	1
38	2022-11-07 17:42:12.406433+13	2	Order № 2	1	[{"added": {}}]	10	1
39	2022-11-07 17:45:40.825796+13	3	OrderItem object (3)	1	[{"added": {}}]	11	1
40	2022-11-07 17:45:48.235332+13	4	OrderItem object (4)	1	[{"added": {}}]	11	1
41	2022-11-07 18:10:18.224346+13	3	Order № 3	1	[{"added": {}}]	10	1
42	2022-11-07 19:16:13.42715+13	4	Order № 4	1	[{"added": {}}]	10	1
43	2022-11-07 19:30:09.067091+13	5	OrderItem object (5)	1	[{"added": {}}]	11	1
44	2022-11-07 19:30:17.680066+13	6	OrderItem object (6)	1	[{"added": {}}]	11	1
45	2022-11-07 19:30:26.738336+13	7	OrderItem object (7)	1	[{"added": {}}]	11	1
46	2022-11-08 11:50:46.434711+13	7	OrderItem object (7)	3		11	1
47	2022-11-08 11:51:24.666145+13	8	Order № 8	3		10	1
48	2022-11-08 13:24:35.843865+13	22	Order № 22	3		10	1
49	2022-11-08 13:24:35.848529+13	21	Order № 21	3		10	1
50	2022-11-08 13:24:35.849916+13	20	Order № 20	3		10	1
51	2022-11-08 13:24:35.85079+13	19	Order № 19	3		10	1
52	2022-11-08 13:24:35.851794+13	18	Order № 18	3		10	1
53	2022-11-08 13:24:35.852793+13	17	Order № 17	3		10	1
54	2022-11-08 13:24:35.853794+13	16	Order № 16	3		10	1
55	2022-11-08 13:24:35.854794+13	15	Order № 15	3		10	1
56	2022-11-08 13:25:00.741855+13	14	Order № 14	3		10	1
57	2022-11-08 13:25:00.745855+13	13	Order № 13	3		10	1
58	2022-11-08 13:25:00.747438+13	12	Order № 12	3		10	1
59	2022-11-08 13:59:36.642026+13	3	Order № 3	3		10	1
60	2022-11-08 19:01:33.511642+13	5	Xiaomi Redmi Note 11	2	[{"changed": {"fields": ["Likes"]}}]	8	1
61	2022-11-09 11:10:47.536072+13	1	Cart object (1)	1	[{"added": {}}]	16	1
62	2022-11-09 11:12:51.843514+13	1	CartItem object (1)	1	[{"added": {}}]	17	1
63	2022-11-09 11:12:59.900601+13	2	CartItem object (2)	1	[{"added": {}}]	17	1
64	2022-11-09 11:13:06.128764+13	2	CartItem object (2)	2	[{"changed": {"fields": ["Quantity"]}}]	17	1
65	2022-11-09 12:18:21.080428+13	2	Cart № 2	3		16	1
66	2022-11-09 12:52:18.415134+13	6	CartItem object (6)	3		17	1
67	2022-11-09 12:52:18.423201+13	5	CartItem object (5)	3		17	1
68	2022-11-09 12:52:18.424457+13	4	CartItem object (4)	3		17	1
69	2022-11-09 12:52:18.425451+13	3	CartItem object (3)	3		17	1
70	2022-11-09 12:52:18.426138+13	2	CartItem object (2)	3		17	1
71	2022-11-09 12:52:18.426138+13	1	CartItem object (1)	3		17	1
72	2022-11-09 12:52:41.053382+13	7	CartItem object (7)	1	[{"added": {}}]	17	1
73	2022-11-09 13:40:57.912824+13	8	CartItem object (8)	1	[{"added": {}}]	17	1
74	2022-11-09 16:40:23.528228+13	28	Order № 28	3		10	1
75	2022-11-09 16:40:23.5315+13	27	Order № 27	3		10	1
76	2022-11-09 16:40:23.533504+13	26	Order № 26	3		10	1
77	2022-11-09 16:40:23.534514+13	25	Order № 25	3		10	1
78	2022-11-09 16:40:23.535248+13	24	Order № 24	3		10	1
79	2022-11-09 18:12:43.985814+13	6	asasad	3		4	1
80	2022-11-09 18:12:43.988647+13	7	asdasd	3		4	1
81	2022-11-09 18:12:43.98965+13	9	asdsfasgd	3		4	1
82	2022-11-09 18:12:43.99065+13	8	asfass	3		4	1
83	2022-11-09 18:12:43.991651+13	10	dlkfg	3		4	1
84	2022-11-09 18:12:43.992651+13	11	fghfert	3		4	1
85	2022-11-09 18:12:43.993652+13	12	ldfkjd	3		4	1
86	2022-11-09 18:12:43.994632+13	5	qweqwe	3		4	1
87	2022-11-09 18:12:43.995454+13	4	u1	3		4	1
88	2022-11-09 18:12:43.996283+13	14	user10	3		4	1
89	2022-11-09 18:12:43.996283+13	2	user2	3		4	1
90	2022-11-09 18:12:43.99929+13	3	user3	3		4	1
91	2022-11-09 18:12:43.99929+13	13	user9	3		4	1
92	2022-11-09 18:12:44.001294+13	15	zxcuser1	3		4	1
\.


--
-- TOC entry 3540 (class 0 OID 16408)
-- Dependencies: 217
-- Data for Name: django_content_type; Type: TABLE DATA; Schema: public; Owner: postgres
--

COPY public.django_content_type (id, app_label, model) FROM stdin;
1	admin	logentry
2	auth	permission
3	auth	group
4	auth	user
5	contenttypes	contenttype
6	sessions	session
7	app	category
8	app	item
9	app	comment
10	app	order
11	app	orderitem
12	app	userprofile
13	authtoken	token
14	authtoken	tokenproxy
15	app	status
16	app	cart
17	app	cartitem
\.


--
-- TOC entry 3538 (class 0 OID 16400)
-- Dependencies: 215
-- Data for Name: django_migrations; Type: TABLE DATA; Schema: public; Owner: postgres
--

COPY public.django_migrations (id, app, name, applied) FROM stdin;
1	contenttypes	0001_initial	2022-10-31 16:43:12.134875+13
2	auth	0001_initial	2022-10-31 16:43:12.213004+13
3	admin	0001_initial	2022-10-31 16:43:12.219525+13
4	admin	0002_logentry_remove_auto_add	2022-10-31 16:43:12.235368+13
5	admin	0003_logentry_add_action_flag_choices	2022-10-31 16:43:12.235368+13
6	contenttypes	0002_remove_content_type_name	2022-10-31 16:43:12.2513+13
7	auth	0002_alter_permission_name_max_length	2022-10-31 16:43:12.266423+13
8	auth	0003_alter_user_email_max_length	2022-10-31 16:43:12.266423+13
9	auth	0004_alter_user_username_opts	2022-10-31 16:43:12.266423+13
10	auth	0005_alter_user_last_login_null	2022-10-31 16:43:12.282041+13
11	auth	0006_require_contenttypes_0002	2022-10-31 16:43:12.282041+13
12	auth	0007_alter_validators_add_error_messages	2022-10-31 16:43:12.282041+13
13	auth	0008_alter_user_username_max_length	2022-10-31 16:43:12.297674+13
14	auth	0009_alter_user_last_name_max_length	2022-10-31 16:43:12.297674+13
15	auth	0010_alter_group_name_max_length	2022-10-31 16:43:12.3133+13
16	auth	0011_update_proxy_permissions	2022-10-31 16:43:12.319813+13
17	auth	0012_alter_user_first_name_max_length	2022-10-31 16:43:12.319813+13
18	sessions	0001_initial	2022-10-31 16:43:12.335456+13
19	app	0001_initial	2022-10-31 16:51:33.447471+13
20	app	0002_userprofile	2022-11-04 17:07:39.114225+13
21	authtoken	0001_initial	2022-11-04 20:49:00.057276+13
22	authtoken	0002_auto_20160226_1747	2022-11-04 20:49:00.081282+13
23	authtoken	0003_tokenproxy	2022-11-04 20:49:00.084282+13
24	app	0003_userprofile_name_userprofile_surname	2022-11-05 17:56:03.952297+13
25	app	0003_alter_userprofile_country	2022-11-06 14:23:26.307199+13
26	app	0004_status_alter_order_delivery_address_and_more	2022-11-07 17:36:03.914037+13
27	app	0005_alter_order_created_alter_order_updated	2022-11-07 17:56:21.51172+13
28	app	0006_remove_item_likes_item_likes	2022-11-08 18:59:23.466031+13
29	app	0007_alter_item_likes	2022-11-08 22:56:40.066117+13
30	app	0008_cart_cartitem	2022-11-09 00:18:36.4134+13
\.


--
-- TOC entry 3555 (class 0 OID 16536)
-- Dependencies: 232
-- Data for Name: django_session; Type: TABLE DATA; Schema: public; Owner: postgres
--

COPY public.django_session (session_key, session_data, expire_date) FROM stdin;
8knpl6205lycfcg0dtez8rn86jzjd43d	.eJxVjMEOwiAQRP-FsyG4gIJH734D2WUXqRqalPZk_HfbpAfN3Oa9mbdKuMw1LV2mNLC6qKM6_HaE-SltA_zAdh91Hts8DaQ3Re-069vI8rru7t9BxV7XtZcMiLEEFCkc2K8hsAaiJfRgg_Ui2WERF0_CAZ0BAeOyp0JnG9XnCxngOPI:1opLr6:qy0hIePKGFyLHaGhrBhRtAoRBD6BgGRg0G_U29xyxpg	2022-11-14 16:52:56.039858+13
mqfkv2oubahexok5kbvajof4f0ldipt8	e30:1oquf3:noS50eLoSWGUQse1ctprwRqYFQ80_B78Apn3SrjUlmY	2022-11-19 00:14:57.22635+13
v16rzohxr87sr99lrz80hvyi2cukoqps	e30:1oqufp:UGGWVqHXoH3fYkm7HQTCz8cE7hfhYX2DsYUdc59-77U	2022-11-19 00:15:45.943527+13
ux4te8zp4344yiw2hxiauuwwtexhc5to	.eJxVjDEOwjAMRe-SGUVJ7FLCyM4ZIjt2SQGlUtNOiLtDpQ6w_vfef5lE61LS2nROo5iz8ebwuzHlh9YNyJ3qbbJ5qss8st0Uu9Nmr5Po87K7fweFWvnWqD0Tdb0DdEOMgqoMEQcAYHfEUwAHROoCduqVcxYkgRh84KgZxLw_4No4GA:1osAWA:pLMNzGyuZ6g4WtsIrH1EfLWLJHvpKZ0k6zJKzJj46ps	2022-11-22 11:22:58.400556+13
\.


--
-- TOC entry 3586 (class 0 OID 0)
-- Dependencies: 250
-- Name: app_cart_id_seq; Type: SEQUENCE SET; Schema: public; Owner: postgres
--

SELECT pg_catalog.setval('public.app_cart_id_seq', 5, true);


--
-- TOC entry 3587 (class 0 OID 0)
-- Dependencies: 252
-- Name: app_cartitem_id_seq; Type: SEQUENCE SET; Schema: public; Owner: postgres
--

SELECT pg_catalog.setval('public.app_cartitem_id_seq', 19, true);


--
-- TOC entry 3588 (class 0 OID 0)
-- Dependencies: 233
-- Name: app_category_id_seq; Type: SEQUENCE SET; Schema: public; Owner: postgres
--

SELECT pg_catalog.setval('public.app_category_id_seq', 3, true);


--
-- TOC entry 3589 (class 0 OID 0)
-- Dependencies: 241
-- Name: app_comment_id_seq; Type: SEQUENCE SET; Schema: public; Owner: postgres
--

SELECT pg_catalog.setval('public.app_comment_id_seq', 28, true);


--
-- TOC entry 3590 (class 0 OID 0)
-- Dependencies: 235
-- Name: app_item_id_seq; Type: SEQUENCE SET; Schema: public; Owner: postgres
--

SELECT pg_catalog.setval('public.app_item_id_seq', 5, true);


--
-- TOC entry 3591 (class 0 OID 0)
-- Dependencies: 248
-- Name: app_item_likes_id_seq; Type: SEQUENCE SET; Schema: public; Owner: postgres
--

SELECT pg_catalog.setval('public.app_item_likes_id_seq', 76, true);


--
-- TOC entry 3592 (class 0 OID 0)
-- Dependencies: 237
-- Name: app_order_id_seq; Type: SEQUENCE SET; Schema: public; Owner: postgres
--

SELECT pg_catalog.setval('public.app_order_id_seq', 29, true);


--
-- TOC entry 3593 (class 0 OID 0)
-- Dependencies: 239
-- Name: app_orderitem_id_seq; Type: SEQUENCE SET; Schema: public; Owner: postgres
--

SELECT pg_catalog.setval('public.app_orderitem_id_seq', 21, true);


--
-- TOC entry 3594 (class 0 OID 0)
-- Dependencies: 246
-- Name: app_status_id_seq; Type: SEQUENCE SET; Schema: public; Owner: postgres
--

SELECT pg_catalog.setval('public.app_status_id_seq', 3, true);


--
-- TOC entry 3595 (class 0 OID 0)
-- Dependencies: 243
-- Name: app_userprofile_id_seq; Type: SEQUENCE SET; Schema: public; Owner: postgres
--

SELECT pg_catalog.setval('public.app_userprofile_id_seq', 20, true);


--
-- TOC entry 3596 (class 0 OID 0)
-- Dependencies: 220
-- Name: auth_group_id_seq; Type: SEQUENCE SET; Schema: public; Owner: postgres
--

SELECT pg_catalog.setval('public.auth_group_id_seq', 1, false);


--
-- TOC entry 3597 (class 0 OID 0)
-- Dependencies: 222
-- Name: auth_group_permissions_id_seq; Type: SEQUENCE SET; Schema: public; Owner: postgres
--

SELECT pg_catalog.setval('public.auth_group_permissions_id_seq', 1, false);


--
-- TOC entry 3598 (class 0 OID 0)
-- Dependencies: 218
-- Name: auth_permission_id_seq; Type: SEQUENCE SET; Schema: public; Owner: postgres
--

SELECT pg_catalog.setval('public.auth_permission_id_seq', 68, true);


--
-- TOC entry 3599 (class 0 OID 0)
-- Dependencies: 226
-- Name: auth_user_groups_id_seq; Type: SEQUENCE SET; Schema: public; Owner: postgres
--

SELECT pg_catalog.setval('public.auth_user_groups_id_seq', 1, false);


--
-- TOC entry 3600 (class 0 OID 0)
-- Dependencies: 224
-- Name: auth_user_id_seq; Type: SEQUENCE SET; Schema: public; Owner: postgres
--

SELECT pg_catalog.setval('public.auth_user_id_seq', 20, true);


--
-- TOC entry 3601 (class 0 OID 0)
-- Dependencies: 228
-- Name: auth_user_user_permissions_id_seq; Type: SEQUENCE SET; Schema: public; Owner: postgres
--

SELECT pg_catalog.setval('public.auth_user_user_permissions_id_seq', 1, false);


--
-- TOC entry 3602 (class 0 OID 0)
-- Dependencies: 230
-- Name: django_admin_log_id_seq; Type: SEQUENCE SET; Schema: public; Owner: postgres
--

SELECT pg_catalog.setval('public.django_admin_log_id_seq', 92, true);


--
-- TOC entry 3603 (class 0 OID 0)
-- Dependencies: 216
-- Name: django_content_type_id_seq; Type: SEQUENCE SET; Schema: public; Owner: postgres
--

SELECT pg_catalog.setval('public.django_content_type_id_seq', 17, true);


--
-- TOC entry 3604 (class 0 OID 0)
-- Dependencies: 214
-- Name: django_migrations_id_seq; Type: SEQUENCE SET; Schema: public; Owner: postgres
--

SELECT pg_catalog.setval('public.django_migrations_id_seq', 30, true);


--
-- TOC entry 3365 (class 2606 OID 16724)
-- Name: app_cart app_cart_pkey; Type: CONSTRAINT; Schema: public; Owner: postgres
--

ALTER TABLE ONLY public.app_cart
    ADD CONSTRAINT app_cart_pkey PRIMARY KEY (id);


--
-- TOC entry 3367 (class 2606 OID 16726)
-- Name: app_cart app_cart_user_id_key; Type: CONSTRAINT; Schema: public; Owner: postgres
--

ALTER TABLE ONLY public.app_cart
    ADD CONSTRAINT app_cart_user_id_key UNIQUE (user_id);


--
-- TOC entry 3371 (class 2606 OID 16734)
-- Name: app_cartitem app_cartitem_pkey; Type: CONSTRAINT; Schema: public; Owner: postgres
--

ALTER TABLE ONLY public.app_cartitem
    ADD CONSTRAINT app_cartitem_pkey PRIMARY KEY (id);


--
-- TOC entry 3327 (class 2606 OID 16550)
-- Name: app_category app_category_pkey; Type: CONSTRAINT; Schema: public; Owner: postgres
--

ALTER TABLE ONLY public.app_category
    ADD CONSTRAINT app_category_pkey PRIMARY KEY (id);


--
-- TOC entry 3345 (class 2606 OID 16581)
-- Name: app_comment app_comment_pkey; Type: CONSTRAINT; Schema: public; Owner: postgres
--

ALTER TABLE ONLY public.app_comment
    ADD CONSTRAINT app_comment_pkey PRIMARY KEY (id);


--
-- TOC entry 3360 (class 2606 OID 16705)
-- Name: app_item_likes app_item_likes_item_id_user_id_1025e06d_uniq; Type: CONSTRAINT; Schema: public; Owner: postgres
--

ALTER TABLE ONLY public.app_item_likes
    ADD CONSTRAINT app_item_likes_item_id_user_id_1025e06d_uniq UNIQUE (item_id, user_id);


--
-- TOC entry 3362 (class 2606 OID 16703)
-- Name: app_item_likes app_item_likes_pkey; Type: CONSTRAINT; Schema: public; Owner: postgres
--

ALTER TABLE ONLY public.app_item_likes
    ADD CONSTRAINT app_item_likes_pkey PRIMARY KEY (id);


--
-- TOC entry 3332 (class 2606 OID 16560)
-- Name: app_item app_item_pkey; Type: CONSTRAINT; Schema: public; Owner: postgres
--

ALTER TABLE ONLY public.app_item
    ADD CONSTRAINT app_item_pkey PRIMARY KEY (id);


--
-- TOC entry 3336 (class 2606 OID 16566)
-- Name: app_order app_order_pkey; Type: CONSTRAINT; Schema: public; Owner: postgres
--

ALTER TABLE ONLY public.app_order
    ADD CONSTRAINT app_order_pkey PRIMARY KEY (id);


--
-- TOC entry 3342 (class 2606 OID 16573)
-- Name: app_orderitem app_orderitem_pkey; Type: CONSTRAINT; Schema: public; Owner: postgres
--

ALTER TABLE ONLY public.app_orderitem
    ADD CONSTRAINT app_orderitem_pkey PRIMARY KEY (id);


--
-- TOC entry 3357 (class 2606 OID 16668)
-- Name: app_status app_status_pkey; Type: CONSTRAINT; Schema: public; Owner: postgres
--

ALTER TABLE ONLY public.app_status
    ADD CONSTRAINT app_status_pkey PRIMARY KEY (id);


--
-- TOC entry 3348 (class 2606 OID 16628)
-- Name: app_userprofile app_userprofile_pkey; Type: CONSTRAINT; Schema: public; Owner: postgres
--

ALTER TABLE ONLY public.app_userprofile
    ADD CONSTRAINT app_userprofile_pkey PRIMARY KEY (id);


--
-- TOC entry 3350 (class 2606 OID 16630)
-- Name: app_userprofile app_userprofile_user_id_key; Type: CONSTRAINT; Schema: public; Owner: postgres
--

ALTER TABLE ONLY public.app_userprofile
    ADD CONSTRAINT app_userprofile_user_id_key UNIQUE (user_id);


--
-- TOC entry 3292 (class 2606 OID 16534)
-- Name: auth_group auth_group_name_key; Type: CONSTRAINT; Schema: public; Owner: postgres
--

ALTER TABLE ONLY public.auth_group
    ADD CONSTRAINT auth_group_name_key UNIQUE (name);


--
-- TOC entry 3297 (class 2606 OID 16465)
-- Name: auth_group_permissions auth_group_permissions_group_id_permission_id_0cd325b0_uniq; Type: CONSTRAINT; Schema: public; Owner: postgres
--

ALTER TABLE ONLY public.auth_group_permissions
    ADD CONSTRAINT auth_group_permissions_group_id_permission_id_0cd325b0_uniq UNIQUE (group_id, permission_id);


--
-- TOC entry 3300 (class 2606 OID 16434)
-- Name: auth_group_permissions auth_group_permissions_pkey; Type: CONSTRAINT; Schema: public; Owner: postgres
--

ALTER TABLE ONLY public.auth_group_permissions
    ADD CONSTRAINT auth_group_permissions_pkey PRIMARY KEY (id);


--
-- TOC entry 3294 (class 2606 OID 16426)
-- Name: auth_group auth_group_pkey; Type: CONSTRAINT; Schema: public; Owner: postgres
--

ALTER TABLE ONLY public.auth_group
    ADD CONSTRAINT auth_group_pkey PRIMARY KEY (id);


--
-- TOC entry 3287 (class 2606 OID 16456)
-- Name: auth_permission auth_permission_content_type_id_codename_01ab375a_uniq; Type: CONSTRAINT; Schema: public; Owner: postgres
--

ALTER TABLE ONLY public.auth_permission
    ADD CONSTRAINT auth_permission_content_type_id_codename_01ab375a_uniq UNIQUE (content_type_id, codename);


--
-- TOC entry 3289 (class 2606 OID 16420)
-- Name: auth_permission auth_permission_pkey; Type: CONSTRAINT; Schema: public; Owner: postgres
--

ALTER TABLE ONLY public.auth_permission
    ADD CONSTRAINT auth_permission_pkey PRIMARY KEY (id);


--
-- TOC entry 3308 (class 2606 OID 16448)
-- Name: auth_user_groups auth_user_groups_pkey; Type: CONSTRAINT; Schema: public; Owner: postgres
--

ALTER TABLE ONLY public.auth_user_groups
    ADD CONSTRAINT auth_user_groups_pkey PRIMARY KEY (id);


--
-- TOC entry 3311 (class 2606 OID 16480)
-- Name: auth_user_groups auth_user_groups_user_id_group_id_94350c0c_uniq; Type: CONSTRAINT; Schema: public; Owner: postgres
--

ALTER TABLE ONLY public.auth_user_groups
    ADD CONSTRAINT auth_user_groups_user_id_group_id_94350c0c_uniq UNIQUE (user_id, group_id);


--
-- TOC entry 3302 (class 2606 OID 16440)
-- Name: auth_user auth_user_pkey; Type: CONSTRAINT; Schema: public; Owner: postgres
--

ALTER TABLE ONLY public.auth_user
    ADD CONSTRAINT auth_user_pkey PRIMARY KEY (id);


--
-- TOC entry 3314 (class 2606 OID 16454)
-- Name: auth_user_user_permissions auth_user_user_permissions_pkey; Type: CONSTRAINT; Schema: public; Owner: postgres
--

ALTER TABLE ONLY public.auth_user_user_permissions
    ADD CONSTRAINT auth_user_user_permissions_pkey PRIMARY KEY (id);


--
-- TOC entry 3317 (class 2606 OID 16494)
-- Name: auth_user_user_permissions auth_user_user_permissions_user_id_permission_id_14a6b632_uniq; Type: CONSTRAINT; Schema: public; Owner: postgres
--

ALTER TABLE ONLY public.auth_user_user_permissions
    ADD CONSTRAINT auth_user_user_permissions_user_id_permission_id_14a6b632_uniq UNIQUE (user_id, permission_id);


--
-- TOC entry 3305 (class 2606 OID 16529)
-- Name: auth_user auth_user_username_key; Type: CONSTRAINT; Schema: public; Owner: postgres
--

ALTER TABLE ONLY public.auth_user
    ADD CONSTRAINT auth_user_username_key UNIQUE (username);


--
-- TOC entry 3353 (class 2606 OID 16640)
-- Name: authtoken_token authtoken_token_pkey; Type: CONSTRAINT; Schema: public; Owner: postgres
--

ALTER TABLE ONLY public.authtoken_token
    ADD CONSTRAINT authtoken_token_pkey PRIMARY KEY (key);


--
-- TOC entry 3355 (class 2606 OID 16642)
-- Name: authtoken_token authtoken_token_user_id_key; Type: CONSTRAINT; Schema: public; Owner: postgres
--

ALTER TABLE ONLY public.authtoken_token
    ADD CONSTRAINT authtoken_token_user_id_key UNIQUE (user_id);


--
-- TOC entry 3320 (class 2606 OID 16515)
-- Name: django_admin_log django_admin_log_pkey; Type: CONSTRAINT; Schema: public; Owner: postgres
--

ALTER TABLE ONLY public.django_admin_log
    ADD CONSTRAINT django_admin_log_pkey PRIMARY KEY (id);


--
-- TOC entry 3282 (class 2606 OID 16414)
-- Name: django_content_type django_content_type_app_label_model_76bd3d3b_uniq; Type: CONSTRAINT; Schema: public; Owner: postgres
--

ALTER TABLE ONLY public.django_content_type
    ADD CONSTRAINT django_content_type_app_label_model_76bd3d3b_uniq UNIQUE (app_label, model);


--
-- TOC entry 3284 (class 2606 OID 16412)
-- Name: django_content_type django_content_type_pkey; Type: CONSTRAINT; Schema: public; Owner: postgres
--

ALTER TABLE ONLY public.django_content_type
    ADD CONSTRAINT django_content_type_pkey PRIMARY KEY (id);


--
-- TOC entry 3280 (class 2606 OID 16406)
-- Name: django_migrations django_migrations_pkey; Type: CONSTRAINT; Schema: public; Owner: postgres
--

ALTER TABLE ONLY public.django_migrations
    ADD CONSTRAINT django_migrations_pkey PRIMARY KEY (id);


--
-- TOC entry 3324 (class 2606 OID 16542)
-- Name: django_session django_session_pkey; Type: CONSTRAINT; Schema: public; Owner: postgres
--

ALTER TABLE ONLY public.django_session
    ADD CONSTRAINT django_session_pkey PRIMARY KEY (session_key);


--
-- TOC entry 3368 (class 1259 OID 16750)
-- Name: app_cartitem_cart_id_ed211dc5; Type: INDEX; Schema: public; Owner: postgres
--

CREATE INDEX app_cartitem_cart_id_ed211dc5 ON public.app_cartitem USING btree (cart_id);


--
-- TOC entry 3369 (class 1259 OID 16751)
-- Name: app_cartitem_item_id_7f2213c0; Type: INDEX; Schema: public; Owner: postgres
--

CREATE INDEX app_cartitem_item_id_7f2213c0 ON public.app_cartitem USING btree (item_id);


--
-- TOC entry 3328 (class 1259 OID 16582)
-- Name: app_category_slug_b059cea8; Type: INDEX; Schema: public; Owner: postgres
--

CREATE INDEX app_category_slug_b059cea8 ON public.app_category USING btree (slug);


--
-- TOC entry 3329 (class 1259 OID 16583)
-- Name: app_category_slug_b059cea8_like; Type: INDEX; Schema: public; Owner: postgres
--

CREATE INDEX app_category_slug_b059cea8_like ON public.app_category USING btree (slug varchar_pattern_ops);


--
-- TOC entry 3343 (class 1259 OID 16620)
-- Name: app_comment_item_id_537802ef; Type: INDEX; Schema: public; Owner: postgres
--

CREATE INDEX app_comment_item_id_537802ef ON public.app_comment USING btree (item_id);


--
-- TOC entry 3346 (class 1259 OID 16621)
-- Name: app_comment_user_id_693f46cc; Type: INDEX; Schema: public; Owner: postgres
--

CREATE INDEX app_comment_user_id_693f46cc ON public.app_comment USING btree (user_id);


--
-- TOC entry 3330 (class 1259 OID 16591)
-- Name: app_item_category_id_b0698398; Type: INDEX; Schema: public; Owner: postgres
--

CREATE INDEX app_item_category_id_b0698398 ON public.app_item USING btree (category_id);


--
-- TOC entry 3358 (class 1259 OID 16716)
-- Name: app_item_likes_item_id_73bdb16b; Type: INDEX; Schema: public; Owner: postgres
--

CREATE INDEX app_item_likes_item_id_73bdb16b ON public.app_item_likes USING btree (item_id);


--
-- TOC entry 3363 (class 1259 OID 16717)
-- Name: app_item_likes_user_id_cc578706; Type: INDEX; Schema: public; Owner: postgres
--

CREATE INDEX app_item_likes_user_id_cc578706 ON public.app_item_likes USING btree (user_id);


--
-- TOC entry 3333 (class 1259 OID 16589)
-- Name: app_item_slug_a99ba8e5; Type: INDEX; Schema: public; Owner: postgres
--

CREATE INDEX app_item_slug_a99ba8e5 ON public.app_item USING btree (slug);


--
-- TOC entry 3334 (class 1259 OID 16590)
-- Name: app_item_slug_a99ba8e5_like; Type: INDEX; Schema: public; Owner: postgres
--

CREATE INDEX app_item_slug_a99ba8e5_like ON public.app_item USING btree (slug varchar_pattern_ops);


--
-- TOC entry 3337 (class 1259 OID 16679)
-- Name: app_order_status_id_b93e0b02; Type: INDEX; Schema: public; Owner: postgres
--

CREATE INDEX app_order_status_id_b93e0b02 ON public.app_order USING btree (status_id);


--
-- TOC entry 3338 (class 1259 OID 16597)
-- Name: app_order_user_id_f25a9fc4; Type: INDEX; Schema: public; Owner: postgres
--

CREATE INDEX app_order_user_id_f25a9fc4 ON public.app_order USING btree (user_id);


--
-- TOC entry 3339 (class 1259 OID 16608)
-- Name: app_orderitem_item_id_e0075062; Type: INDEX; Schema: public; Owner: postgres
--

CREATE INDEX app_orderitem_item_id_e0075062 ON public.app_orderitem USING btree (item_id);


--
-- TOC entry 3340 (class 1259 OID 16609)
-- Name: app_orderitem_order_id_41257a1b; Type: INDEX; Schema: public; Owner: postgres
--

CREATE INDEX app_orderitem_order_id_41257a1b ON public.app_orderitem USING btree (order_id);


--
-- TOC entry 3290 (class 1259 OID 16535)
-- Name: auth_group_name_a6ea08ec_like; Type: INDEX; Schema: public; Owner: postgres
--

CREATE INDEX auth_group_name_a6ea08ec_like ON public.auth_group USING btree (name varchar_pattern_ops);


--
-- TOC entry 3295 (class 1259 OID 16476)
-- Name: auth_group_permissions_group_id_b120cbf9; Type: INDEX; Schema: public; Owner: postgres
--

CREATE INDEX auth_group_permissions_group_id_b120cbf9 ON public.auth_group_permissions USING btree (group_id);


--
-- TOC entry 3298 (class 1259 OID 16477)
-- Name: auth_group_permissions_permission_id_84c5c92e; Type: INDEX; Schema: public; Owner: postgres
--

CREATE INDEX auth_group_permissions_permission_id_84c5c92e ON public.auth_group_permissions USING btree (permission_id);


--
-- TOC entry 3285 (class 1259 OID 16462)
-- Name: auth_permission_content_type_id_2f476e4b; Type: INDEX; Schema: public; Owner: postgres
--

CREATE INDEX auth_permission_content_type_id_2f476e4b ON public.auth_permission USING btree (content_type_id);


--
-- TOC entry 3306 (class 1259 OID 16492)
-- Name: auth_user_groups_group_id_97559544; Type: INDEX; Schema: public; Owner: postgres
--

CREATE INDEX auth_user_groups_group_id_97559544 ON public.auth_user_groups USING btree (group_id);


--
-- TOC entry 3309 (class 1259 OID 16491)
-- Name: auth_user_groups_user_id_6a12ed8b; Type: INDEX; Schema: public; Owner: postgres
--

CREATE INDEX auth_user_groups_user_id_6a12ed8b ON public.auth_user_groups USING btree (user_id);


--
-- TOC entry 3312 (class 1259 OID 16506)
-- Name: auth_user_user_permissions_permission_id_1fbb5f2c; Type: INDEX; Schema: public; Owner: postgres
--

CREATE INDEX auth_user_user_permissions_permission_id_1fbb5f2c ON public.auth_user_user_permissions USING btree (permission_id);


--
-- TOC entry 3315 (class 1259 OID 16505)
-- Name: auth_user_user_permissions_user_id_a95ead1b; Type: INDEX; Schema: public; Owner: postgres
--

CREATE INDEX auth_user_user_permissions_user_id_a95ead1b ON public.auth_user_user_permissions USING btree (user_id);


--
-- TOC entry 3303 (class 1259 OID 16530)
-- Name: auth_user_username_6821ab7c_like; Type: INDEX; Schema: public; Owner: postgres
--

CREATE INDEX auth_user_username_6821ab7c_like ON public.auth_user USING btree (username varchar_pattern_ops);


--
-- TOC entry 3351 (class 1259 OID 16648)
-- Name: authtoken_token_key_10f0b77e_like; Type: INDEX; Schema: public; Owner: postgres
--

CREATE INDEX authtoken_token_key_10f0b77e_like ON public.authtoken_token USING btree (key varchar_pattern_ops);


--
-- TOC entry 3318 (class 1259 OID 16526)
-- Name: django_admin_log_content_type_id_c4bce8eb; Type: INDEX; Schema: public; Owner: postgres
--

CREATE INDEX django_admin_log_content_type_id_c4bce8eb ON public.django_admin_log USING btree (content_type_id);


--
-- TOC entry 3321 (class 1259 OID 16527)
-- Name: django_admin_log_user_id_c564eba6; Type: INDEX; Schema: public; Owner: postgres
--

CREATE INDEX django_admin_log_user_id_c564eba6 ON public.django_admin_log USING btree (user_id);


--
-- TOC entry 3322 (class 1259 OID 16544)
-- Name: django_session_expire_date_a5c62663; Type: INDEX; Schema: public; Owner: postgres
--

CREATE INDEX django_session_expire_date_a5c62663 ON public.django_session USING btree (expire_date);


--
-- TOC entry 3325 (class 1259 OID 16543)
-- Name: django_session_session_key_c0390e0f_like; Type: INDEX; Schema: public; Owner: postgres
--

CREATE INDEX django_session_session_key_c0390e0f_like ON public.django_session USING btree (session_key varchar_pattern_ops);


--
-- TOC entry 3392 (class 2606 OID 16735)
-- Name: app_cart app_cart_user_id_2bf07879_fk_auth_user_id; Type: FK CONSTRAINT; Schema: public; Owner: postgres
--

ALTER TABLE ONLY public.app_cart
    ADD CONSTRAINT app_cart_user_id_2bf07879_fk_auth_user_id FOREIGN KEY (user_id) REFERENCES public.auth_user(id) DEFERRABLE INITIALLY DEFERRED;


--
-- TOC entry 3393 (class 2606 OID 16740)
-- Name: app_cartitem app_cartitem_cart_id_ed211dc5_fk_app_cart_id; Type: FK CONSTRAINT; Schema: public; Owner: postgres
--

ALTER TABLE ONLY public.app_cartitem
    ADD CONSTRAINT app_cartitem_cart_id_ed211dc5_fk_app_cart_id FOREIGN KEY (cart_id) REFERENCES public.app_cart(id) DEFERRABLE INITIALLY DEFERRED;


--
-- TOC entry 3394 (class 2606 OID 16745)
-- Name: app_cartitem app_cartitem_item_id_7f2213c0_fk_app_item_id; Type: FK CONSTRAINT; Schema: public; Owner: postgres
--

ALTER TABLE ONLY public.app_cartitem
    ADD CONSTRAINT app_cartitem_item_id_7f2213c0_fk_app_item_id FOREIGN KEY (item_id) REFERENCES public.app_item(id) DEFERRABLE INITIALLY DEFERRED;


--
-- TOC entry 3386 (class 2606 OID 16610)
-- Name: app_comment app_comment_item_id_537802ef_fk_app_item_id; Type: FK CONSTRAINT; Schema: public; Owner: postgres
--

ALTER TABLE ONLY public.app_comment
    ADD CONSTRAINT app_comment_item_id_537802ef_fk_app_item_id FOREIGN KEY (item_id) REFERENCES public.app_item(id) DEFERRABLE INITIALLY DEFERRED;


--
-- TOC entry 3387 (class 2606 OID 16615)
-- Name: app_comment app_comment_user_id_693f46cc_fk_auth_user_id; Type: FK CONSTRAINT; Schema: public; Owner: postgres
--

ALTER TABLE ONLY public.app_comment
    ADD CONSTRAINT app_comment_user_id_693f46cc_fk_auth_user_id FOREIGN KEY (user_id) REFERENCES public.auth_user(id) DEFERRABLE INITIALLY DEFERRED;


--
-- TOC entry 3381 (class 2606 OID 16584)
-- Name: app_item app_item_category_id_b0698398_fk_app_category_id; Type: FK CONSTRAINT; Schema: public; Owner: postgres
--

ALTER TABLE ONLY public.app_item
    ADD CONSTRAINT app_item_category_id_b0698398_fk_app_category_id FOREIGN KEY (category_id) REFERENCES public.app_category(id) DEFERRABLE INITIALLY DEFERRED;


--
-- TOC entry 3390 (class 2606 OID 16706)
-- Name: app_item_likes app_item_likes_item_id_73bdb16b_fk_app_item_id; Type: FK CONSTRAINT; Schema: public; Owner: postgres
--

ALTER TABLE ONLY public.app_item_likes
    ADD CONSTRAINT app_item_likes_item_id_73bdb16b_fk_app_item_id FOREIGN KEY (item_id) REFERENCES public.app_item(id) DEFERRABLE INITIALLY DEFERRED;


--
-- TOC entry 3391 (class 2606 OID 16711)
-- Name: app_item_likes app_item_likes_user_id_cc578706_fk_auth_user_id; Type: FK CONSTRAINT; Schema: public; Owner: postgres
--

ALTER TABLE ONLY public.app_item_likes
    ADD CONSTRAINT app_item_likes_user_id_cc578706_fk_auth_user_id FOREIGN KEY (user_id) REFERENCES public.auth_user(id) DEFERRABLE INITIALLY DEFERRED;


--
-- TOC entry 3382 (class 2606 OID 16680)
-- Name: app_order app_order_status_id_b93e0b02_fk_app_status_id; Type: FK CONSTRAINT; Schema: public; Owner: postgres
--

ALTER TABLE ONLY public.app_order
    ADD CONSTRAINT app_order_status_id_b93e0b02_fk_app_status_id FOREIGN KEY (status_id) REFERENCES public.app_status(id) DEFERRABLE INITIALLY DEFERRED;


--
-- TOC entry 3383 (class 2606 OID 16592)
-- Name: app_order app_order_user_id_f25a9fc4_fk_auth_user_id; Type: FK CONSTRAINT; Schema: public; Owner: postgres
--

ALTER TABLE ONLY public.app_order
    ADD CONSTRAINT app_order_user_id_f25a9fc4_fk_auth_user_id FOREIGN KEY (user_id) REFERENCES public.auth_user(id) DEFERRABLE INITIALLY DEFERRED;


--
-- TOC entry 3384 (class 2606 OID 16598)
-- Name: app_orderitem app_orderitem_item_id_e0075062_fk_app_item_id; Type: FK CONSTRAINT; Schema: public; Owner: postgres
--

ALTER TABLE ONLY public.app_orderitem
    ADD CONSTRAINT app_orderitem_item_id_e0075062_fk_app_item_id FOREIGN KEY (item_id) REFERENCES public.app_item(id) DEFERRABLE INITIALLY DEFERRED;


--
-- TOC entry 3385 (class 2606 OID 16603)
-- Name: app_orderitem app_orderitem_order_id_41257a1b_fk_app_order_id; Type: FK CONSTRAINT; Schema: public; Owner: postgres
--

ALTER TABLE ONLY public.app_orderitem
    ADD CONSTRAINT app_orderitem_order_id_41257a1b_fk_app_order_id FOREIGN KEY (order_id) REFERENCES public.app_order(id) DEFERRABLE INITIALLY DEFERRED;


--
-- TOC entry 3388 (class 2606 OID 16631)
-- Name: app_userprofile app_userprofile_user_id_370bd89d_fk_auth_user_id; Type: FK CONSTRAINT; Schema: public; Owner: postgres
--

ALTER TABLE ONLY public.app_userprofile
    ADD CONSTRAINT app_userprofile_user_id_370bd89d_fk_auth_user_id FOREIGN KEY (user_id) REFERENCES public.auth_user(id) DEFERRABLE INITIALLY DEFERRED;


--
-- TOC entry 3373 (class 2606 OID 16471)
-- Name: auth_group_permissions auth_group_permissio_permission_id_84c5c92e_fk_auth_perm; Type: FK CONSTRAINT; Schema: public; Owner: postgres
--

ALTER TABLE ONLY public.auth_group_permissions
    ADD CONSTRAINT auth_group_permissio_permission_id_84c5c92e_fk_auth_perm FOREIGN KEY (permission_id) REFERENCES public.auth_permission(id) DEFERRABLE INITIALLY DEFERRED;


--
-- TOC entry 3374 (class 2606 OID 16466)
-- Name: auth_group_permissions auth_group_permissions_group_id_b120cbf9_fk_auth_group_id; Type: FK CONSTRAINT; Schema: public; Owner: postgres
--

ALTER TABLE ONLY public.auth_group_permissions
    ADD CONSTRAINT auth_group_permissions_group_id_b120cbf9_fk_auth_group_id FOREIGN KEY (group_id) REFERENCES public.auth_group(id) DEFERRABLE INITIALLY DEFERRED;


--
-- TOC entry 3372 (class 2606 OID 16457)
-- Name: auth_permission auth_permission_content_type_id_2f476e4b_fk_django_co; Type: FK CONSTRAINT; Schema: public; Owner: postgres
--

ALTER TABLE ONLY public.auth_permission
    ADD CONSTRAINT auth_permission_content_type_id_2f476e4b_fk_django_co FOREIGN KEY (content_type_id) REFERENCES public.django_content_type(id) DEFERRABLE INITIALLY DEFERRED;


--
-- TOC entry 3375 (class 2606 OID 16486)
-- Name: auth_user_groups auth_user_groups_group_id_97559544_fk_auth_group_id; Type: FK CONSTRAINT; Schema: public; Owner: postgres
--

ALTER TABLE ONLY public.auth_user_groups
    ADD CONSTRAINT auth_user_groups_group_id_97559544_fk_auth_group_id FOREIGN KEY (group_id) REFERENCES public.auth_group(id) DEFERRABLE INITIALLY DEFERRED;


--
-- TOC entry 3376 (class 2606 OID 16481)
-- Name: auth_user_groups auth_user_groups_user_id_6a12ed8b_fk_auth_user_id; Type: FK CONSTRAINT; Schema: public; Owner: postgres
--

ALTER TABLE ONLY public.auth_user_groups
    ADD CONSTRAINT auth_user_groups_user_id_6a12ed8b_fk_auth_user_id FOREIGN KEY (user_id) REFERENCES public.auth_user(id) DEFERRABLE INITIALLY DEFERRED;


--
-- TOC entry 3377 (class 2606 OID 16500)
-- Name: auth_user_user_permissions auth_user_user_permi_permission_id_1fbb5f2c_fk_auth_perm; Type: FK CONSTRAINT; Schema: public; Owner: postgres
--

ALTER TABLE ONLY public.auth_user_user_permissions
    ADD CONSTRAINT auth_user_user_permi_permission_id_1fbb5f2c_fk_auth_perm FOREIGN KEY (permission_id) REFERENCES public.auth_permission(id) DEFERRABLE INITIALLY DEFERRED;


--
-- TOC entry 3378 (class 2606 OID 16495)
-- Name: auth_user_user_permissions auth_user_user_permissions_user_id_a95ead1b_fk_auth_user_id; Type: FK CONSTRAINT; Schema: public; Owner: postgres
--

ALTER TABLE ONLY public.auth_user_user_permissions
    ADD CONSTRAINT auth_user_user_permissions_user_id_a95ead1b_fk_auth_user_id FOREIGN KEY (user_id) REFERENCES public.auth_user(id) DEFERRABLE INITIALLY DEFERRED;


--
-- TOC entry 3389 (class 2606 OID 16643)
-- Name: authtoken_token authtoken_token_user_id_35299eff_fk_auth_user_id; Type: FK CONSTRAINT; Schema: public; Owner: postgres
--

ALTER TABLE ONLY public.authtoken_token
    ADD CONSTRAINT authtoken_token_user_id_35299eff_fk_auth_user_id FOREIGN KEY (user_id) REFERENCES public.auth_user(id) DEFERRABLE INITIALLY DEFERRED;


--
-- TOC entry 3379 (class 2606 OID 16516)
-- Name: django_admin_log django_admin_log_content_type_id_c4bce8eb_fk_django_co; Type: FK CONSTRAINT; Schema: public; Owner: postgres
--

ALTER TABLE ONLY public.django_admin_log
    ADD CONSTRAINT django_admin_log_content_type_id_c4bce8eb_fk_django_co FOREIGN KEY (content_type_id) REFERENCES public.django_content_type(id) DEFERRABLE INITIALLY DEFERRED;


--
-- TOC entry 3380 (class 2606 OID 16521)
-- Name: django_admin_log django_admin_log_user_id_c564eba6_fk_auth_user_id; Type: FK CONSTRAINT; Schema: public; Owner: postgres
--

ALTER TABLE ONLY public.django_admin_log
    ADD CONSTRAINT django_admin_log_user_id_c564eba6_fk_auth_user_id FOREIGN KEY (user_id) REFERENCES public.auth_user(id) DEFERRABLE INITIALLY DEFERRED;


-- Completed on 2022-11-12 20:30:45

--
-- PostgreSQL database dump complete
--

